{"p":[992.05,966.145,940.301,914.513,888.787,863.126,837.527,811.989,786.588,761.741,736.943,712.193,687.424,662.513,637.666,612.887,588.129,563.434,538.817,514.347,489.986,465.707,441.788,417.98,394.153,370.212,346.37,322.537,298.828,275.276,251.9,228.8,206.292,184.27,162.793,141.475,120.699,99.3763,77.7441,55.974,39.5582,27.9543,19.5633,13.6528,9.4668,6.5597,4.5727,3.1862,2.2262,1.5575,1.0952,0.7717,0.5428,0.3824,0.2701,0.1908,0.1353,0.0959,0.0692,0.0004],"T":[271.48,270.75,270.0,269.23,268.44,267.64,266.81,265.96,265.09,264.23,263.33,262.41,261.28,259.6,257.86,256.06,254.22,252.31,250.32,248.29,246.19,243.98,241.74,239.39,236.93,234.34,231.59,228.72,225.64,222.42,219.64,219.33,218.99,218.63,218.23,217.78,217.28,216.66,215.87,215.2,215.2,215.2,215.37,216.4,218.64,223.22,230.5,238.17,246.06,254.15,261.91,265.47,263.85,261.04,256.22,251.02,246.02,241.03,236.3,218.6],"altitude":[0.2,0.41,0.63,0.85,1.07,1.3,1.54,1.78,2.03,2.28,2.53,2.8,3.07,3.35,3.64,3.94,4.25,4.57,4.9,5.23,5.59,5.95,6.33,6.72,7.13,7.56,8.02,8.5,9.01,9.55,10.12,10.74,11.41,12.14,12.93,13.83,14.84,16.08,17.65,19.74,21.93,24.14,26.4,28.69,31.04,33.44,35.86,38.37,40.94,43.59,46.29,49.04,51.81,54.57,57.24,59.89,62.41,64.93,67.26,100.0],"pbound":[1005.0,979.09,953.22,927.4,901.68,875.95,850.32,824.75,799.3,774.16,749.33,724.56,699.84,674.96,650.08,625.26,600.54,575.77,551.11,526.63,502.15,477.83,453.76,429.86,406.11,382.16,358.28,334.43,310.66,287.02,263.59,240.35,217.55,195.28,173.53,152.13,131.09,110.03,88.557,66.84,47.77,33.74,23.751,16.611,11.551,8.0127,5.5634,3.8787,2.7051,1.892,1.3246,0.93417,0.65695,0.46249,0.32634,0.23033,0.16301,0.1155,0.082487002,0.034809999],"Tbound":[271.84,271.12,270.38,269.61,268.83,268.04,267.23,266.39,265.53,264.66,263.78,262.87,261.91,260.44,258.73,256.96,255.14,253.27,251.32,249.31,247.25,245.09,242.87,240.57,238.17,235.64,232.98,230.17,227.19,224.04,220.78,219.49,219.16,218.82,218.44,218.01,217.54,216.98,216.28,215.44,215.2,215.2,215.25,215.67,217.33,220.27,226.6,234.07,241.86,249.82,257.92,264.4,265.11,262.52,258.93,253.75,248.65,243.66,238.78,223.62],"ps":1018.0,"Ts":272.2,"h2o":[0.0042412458,0.0040487489,0.0038616771,0.0036771239,0.0034984786,0.0033309143,0.0031671703,0.0030092644,0.0028537449,0.0026766637,0.002487673,0.0023083352,0.0021313566,0.0018919255,0.001645189,0.0014236617,0.0012326589,0.0010737138,0.00093069056,0.00080064323,0.00067902962,0.00057183154,0.00045922672,0.00034032992,0.00024828559,0.00017941484,0.00012758962,9.1435788e-05,6.5973414e-05,4.7045673e-05,3.2961048e-05,1.8942779e-05,1.0027791e-05,6.8285699e-06,5.4600682e-06,4.9304176e-06,4.7736971e-06,4.6576024e-06,4.5324286e-06,4.5018287e-06,4.5098127e-06,4.5600468e-06,4.652522e-06,4.7029721e-06,4.7499075e-06,4.7975609e-06,4.8444344e-06,4.8934967e-06,4.9445725e-06,4.9954083e-06,5.004229e-06,4.9953369e-06,4.9473138e-06,4.8919128e-06,4.7917897e-06,4.6058562e-06,4.390693e-06,4.1380686e-06,3.848389e-06,2.8276031e-06],"co2":[0.00035630865,0.00035634849,0.0003563358,0.00035619282,0.00035608534,0.00035601226,0.00035605274,0.00035590868,0.00035593106,0.00035587026,0.00035570865,0.00035567014,0.00035567014,0.00035546304,0.00035542916,0.00035539558,0.00035536112,0.00035522511,0.00035524723,0.00035511155,0.00035511912,0.00035512936,0.00035506402,0.000354955,0.00035489074,0.00035499933,0.00035492791,0.00035483434,0.00035487791,0.0003548036,0.0003548419,0.00035492273,0.00035480707,0.00035488067,0.00035498088,0.00035478722,0.00035479874,0.00035493841,0.00035480587,0.00035497671,0.00035493632,0.00035485745,0.00035485905,0.00035490535,0.00035487299,0.00035490119,0.00035480366,0.00035491295,0.00035485439,0.00035484336,0.00035487636,0.00035488277,0.00035486289,0.00035491475,0.00035486603,0.00035489362,0.00035484004,0.0003549082,0.00035483571,0.00035485748],"o3":[2.7951165e-08,2.79805e-08,2.8020038e-08,2.8067555e-08,2.8105241e-08,2.820741e-08,2.8310625e-08,2.8413655e-08,2.8555966e-08,2.909583e-08,2.9966451e-08,3.0885641e-08,3.1856167e-08,3.2838379e-08,3.3853109e-08,3.4953533e-08,3.6742346e-08,4.0039378e-08,4.3848747e-08,4.7876306e-08,5.1562054e-08,5.5640786e-08,6.0972795e-08,6.8421727e-08,7.7165581e-08,8.6854392e-08,9.8120204e-08,1.1565338e-07,1.4185269e-07,1.760944e-07,2.2187632e-07,2.8552557e-07,3.7215037e-07,4.8150179e-07,6.1324801e-07,7.3868068e-07,8.321685e-07,9.8814326e-07,1.3564834e-06,2.1238293e-06,3.3228691e-06,4.2873262e-06,5.1054026e-06,5.5957903e-06,6.0741104e-06,6.6807752e-06,7.0396059e-06,7.1654772e-06,6.909786e-06,5.9942113e-06,4.6998771e-06,3.6435395e-06,2.6813218e-06,2.0465698e-06,1.5627203e-06,1.1785387e-06,8.8268246e-07,6.5290044e-07,4.9340548e-07,3.3777127e-07],"n2o":[3.202486e-07,3.2022996e-07,3.2020998e-07,3.2019167e-07,3.2017294e-07,3.2017144e-07,3.2017542e-07,3.201788e-07,3.201821e-07,3.2019977e-07,3.2022942e-07,3.2026099e-07,3.2029254e-07,3.2029905e-07,3.2029541e-07,3.2028768e-07,3.2027546e-07,3.2025315e-07,3.2021907e-07,3.2019159e-07,3.202023e-07,3.2020105e-07,3.2021887e-07,3.20282e-07,3.2031593e-07,3.2010092e-07,3.1976731e-07,3.1882328e-07,3.1730664e-07,3.1467866e-07,3.1090252e-07,3.0522409e-07,2.9900693e-07,2.9498977e-07,2.8976618e-07,2.8396889e-07,2.7771353e-07,2.6751525e-07,2.4453894e-07,1.970365e-07,1.4413278e-07,1.1351445e-07,9.6620461e-08,8.6760714e-08,7.5916816e-08,6.3220234e-08,5.2676029e-08,4.1700083e-08,3.1426676e-08,2.1809312e-08,1.3587803e-08,7.8685645e-09,4.2004324e-09,3.1384291e-09,2.4786817e-09,2.0297701e-09,1.6930976e-09,1.4449293e-09,1.2506213e-09,8.7909668e-10],"co":[1.4961067e-07,1.4856617e-07,1.4747822e-07,1.4637388e-07,1.4527501e-07,1.4412289e-07,1.429171e-07,1.4169581e-07,1.4045997e-07,1.3920345e-07,1.3795514e-07,1.3667002e-07,1.3535808e-07,1.3424292e-07,1.3318157e-07,1.3209066e-07,1.3124397e-07,1.3093459e-07,1.3062819e-07,1.3027231e-07,1.2976682e-07,1.2922654e-07,1.2830304e-07,1.2674933e-07,1.2509076e-07,1.2264371e-07,1.1985092e-07,1.1614736e-07,1.1167113e-07,1.0669426e-07,1.0127796e-07,9.5331835e-08,8.8730005e-08,8.0689119e-08,7.0308182e-08,5.8520182e-08,4.6615423e-08,3.5467146e-08,2.5831982e-08,1.7208967e-08,1.2745368e-08,1.3102882e-08,1.4958035e-08,1.5989015e-08,1.7034901e-08,1.8319016e-08,1.9720929e-08,2.1212207e-08,2.3057986e-08,2.5939116e-08,3.0582985e-08,4.0297842e-08,6.6692763e-08,1.0794849e-07,1.6663262e-07,2.3975809e-07,3.3830005e-07,4.6862471e-07,6.4306954e-07,1.9273834e-06],"ch4":[1.7013191e-06,1.7012237e-06,1.7011165e-06,1.7010157e-06,1.7009195e-06,1.7009137e-06,1.7009306e-06,1.7009485e-06,1.7009612e-06,1.7010624e-06,1.701218e-06,1.7013839e-06,1.7015284e-06,1.7009622e-06,1.700085e-06,1.6991603e-06,1.697472e-06,1.694241e-06,1.6908128e-06,1.6869693e-06,1.6819162e-06,1.6765107e-06,1.6699094e-06,1.6613831e-06,1.6524885e-06,1.643512e-06,1.6340562e-06,1.6261506e-06,1.619562e-06,1.6062171e-06,1.5861899e-06,1.5642674e-06,1.5407986e-06,1.5169079e-06,1.4936464e-06,1.4696064e-06,1.4426461e-06,1.4087905e-06,1.3625239e-06,1.2948932e-06,1.1672612e-06,9.7571319e-07,7.9660356e-07,7.1486375e-07,6.494721e-07,5.8362116e-07,5.1720036e-07,4.585745e-07,4.0228403e-07,3.4607882e-07,2.9039154e-07,2.3711381e-07,1.9334473e-07,1.7069641e-07,1.5649822e-07,1.5232605e-07,1.5011784e-07,1.5011086e-07,1.5011787e-07,1.4955924e-07],"o2":[0.2100461,0.2100369,0.2099215,0.2099124,0.209872,0.2097995,0.2097904,0.2097813,0.2096327,0.2096274,0.2096889,0.2097103,0.2097103,0.2095783,0.2096121,0.2094565,0.2094639,0.2093838,0.2093387,0.2092415,0.2093497,0.2091831,0.2093155,0.209297,0.2092693,0.2092877,0.2091504,0.2090528,0.2091456,0.2091812,0.2092606,0.209209,0.2091648,0.2091703,0.2091243,0.2091458,0.2091636,0.2091295,0.2091191,0.2091304,0.209206,0.2091525,0.2091983,0.209118,0.2091435,0.209104,0.2090942,0.2091499,0.209186,0.2092398,0.209129,0.2090838,0.2090902,0.2091902,0.2091641,0.2091254,0.2091848,0.2091194,0.2091554,0.2076479]}