{"p":[891.46,792.287,718.704,651.552,589.841,532.986,480.526,437.556,398.085,361.862,328.507,297.469,269.015,243.0,218.668,196.44,162.913,136.511,114.564,96.4903,81.2,68.4286,57.6936,48.6904,40.5354,33.733,28.1201,23.1557,18.7914,15.0693,11.8006,8.78628,6.61328,5.03469,3.85333,2.96408,2.2918,1.78227,1.339,0.589399,0.430705,0.333645,0.261262,0.216491,0.179393,0.148652,0.1255,0.106885,0.091031,0.077529,0.067],"T":[289.25,284.6,279.8,275.0,270.2,265.4,260.55,256.0,251.45,246.9,242.35,237.86,233.35,228.8,224.25,219.7,215.74,215.7,215.7,215.7,216.8,218.03,219.44,220.76,222.2,223.57,224.98,226.71,228.66,231.81,235.4,239.99,244.95,249.84,254.77,259.73,264.69,269.65,274.56,270.71,265.88,261.0,256.08,251.32,246.56,241.8,237.02,232.18,227.34,222.5,218.1],"altitude":[1.1,2.1,2.9,3.7,4.5,5.3,6.1,6.8,7.5,8.2,8.9,9.6,10.3,11.0,11.7,12.4,13.6,14.7,15.8,16.9,18.0,19.1,20.2,21.3,22.5,23.7,24.9,26.2,27.6,29.1,30.8,32.9,34.9,36.9,38.9,40.9,42.9,44.9,47.2,53.9,56.4,58.4,60.3,61.7,63.1,64.5,65.7,66.8,67.9,69.0,70.0],"pbound":[952.1147,841.897,755.3917,685.0609,620.7571,561.5159,506.7787,458.9778,417.8179,379.9846,345.1331,313.0,283.2681,255.9648,230.793,207.5901,179.6777,149.8259,125.467,105.5072,88.85838,74.81903,63.06029,53.19867,44.59128,37.16316,30.91292,25.6397,20.97451,16.9346,13.41941,10.30125,7.703475,5.824757,4.442682,3.407392,2.627624,2.037819,1.56118,0.9634139,0.5106084,0.3820259,0.2975729,0.2388066,0.1978831,0.1639725,0.1372726,0.1161604,0.098930135,0.084255733,0.072246842],"Tbound":[291.77,287.03,282.23,277.43,272.63,267.83,263.03,258.3,253.75,249.2,244.65,240.13,235.64,231.1,226.55,222.01,216.81,215.71,215.7,215.7,216.18,217.39,218.72,220.08,221.46,222.88,224.24,225.81,227.61,230.17,233.52,237.51,242.34,247.27,252.17,257.13,262.09,267.05,272.0,274.41,268.77,263.53,258.75,253.76,249.0,244.24,239.61,234.65,229.81,224.97,220.34],"ps":1013.0,"Ts":294.2,"h2o":[0.015946558,0.011230157,0.0076751928,0.0052688639,0.0036297729,0.0023900282,0.0017066754,0.0012718296,0.00095655693,0.00069666741,0.00050829613,0.00036584702,0.00024977655,0.00013636267,6.5472166e-05,2.8419665e-05,9.6973117e-06,4.8207025e-06,3.4318521e-06,3.2663258e-06,3.178493e-06,3.1768304e-06,3.2639416e-06,3.4095149e-06,3.5909502e-06,3.8500998e-06,4.0575464e-06,4.251363e-06,4.3863338e-06,4.5309193e-06,4.6839027e-06,4.806785e-06,4.9039072e-06,4.9670398e-06,5.016137e-06,5.1013058e-06,5.2471341e-06,5.3810127e-06,5.4697343e-06,5.4735615e-06,5.332653e-06,5.1831207e-06,5.0460312e-06,4.8780507e-06,4.7075605e-06,4.5413699e-06,4.3837813e-06,4.2189254e-06,4.0623413e-06,3.9098322e-06,3.7676771e-06],"co2":[0.00035495765,0.00035495876,0.00035494528,0.00035497753,0.00035498614,0.0003549922,0.0003550002,0.00035500637,0.00035500794,0.00035500876,0.000355011,0.00035501071,0.00035501161,0.00035500948,0.00035501219,0.00035501563,0.0003550089,0.00035499944,0.00035499918,0.00035499939,0.0003549993,0.00035499941,0.00035499973,0.00035499971,0.00035500005,0.00035499997,0.00035499965,0.00035500378,0.00035500416,0.00035501141,0.00035500969,0.00035500916,0.0003550098,0.00035500823,0.00035501088,0.0003550119,0.00035501042,0.00035500791,0.00035500259,0.00035500337,0.00035502302,0.00035507922,0.00035503952,0.00035511289,0.00035519004,0.00035513769,0.00035506955,0.00035528085,0.00035538705,0.0003553353,0.00035513588],"o3":[3.1872162e-08,3.5456235e-08,3.9477314e-08,4.3921091e-08,4.885031e-08,5.442261e-08,6.1250461e-08,6.9855773e-08,7.9463597e-08,8.915115e-08,1.0168034e-07,1.155858e-07,1.3068458e-07,1.6048106e-07,1.9350828e-07,2.2751291e-07,3.04286e-07,4.3981947e-07,5.2382995e-07,6.3216254e-07,8.2302279e-07,1.2512422e-06,1.8039109e-06,2.2908109e-06,2.8324889e-06,3.4517834e-06,4.2219772e-06,5.0326839e-06,5.6775239e-06,6.3139009e-06,6.96191e-06,7.7728864e-06,8.5246547e-06,8.8305105e-06,8.4904723e-06,7.5621829e-06,6.2966351e-06,5.1043844e-06,4.0821087e-06,2.8155102e-06,1.803627e-06,1.545081e-06,1.3594723e-06,1.1832446e-06,1.0330702e-06,9.0162695e-07,7.8788491e-07,6.7509507e-07,5.7978644e-07,4.9771251e-07,4.2984522e-07],"n2o":[3.2014773e-07,3.2014808e-07,3.2012952e-07,3.2017348e-07,3.2020259e-07,3.202492e-07,3.2018053e-07,3.2015103e-07,3.2006952e-07,3.1964703e-07,3.1794278e-07,3.1485408e-07,3.0993951e-07,3.028905e-07,2.9728139e-07,2.9330249e-07,2.8654489e-07,2.7902988e-07,2.6973828e-07,2.5467133e-07,2.3132466e-07,1.9950789e-07,1.6908091e-07,1.3991885e-07,1.172268e-07,1.0331899e-07,9.4382699e-08,8.7561951e-08,8.2404142e-08,7.5596006e-08,6.69516e-08,5.4150636e-08,4.2426844e-08,3.2571123e-08,2.4015852e-08,1.7783966e-08,1.292151e-08,9.3075085e-09,6.6677854e-09,3.5912391e-09,2.0309472e-09,1.7047587e-09,1.4732259e-09,1.3152129e-09,1.2046001e-09,1.1028871e-09,1.0173566e-09,9.5524733e-10,9.0009833e-10,8.477577e-10,8.0018175e-10],"co":[1.4735235e-07,1.4203219e-07,1.3746356e-07,1.338817e-07,1.3135738e-07,1.3046302e-07,1.293139e-07,1.2701938e-07,1.2377659e-07,1.1940332e-07,1.1352941e-07,1.0700342e-07,1.0015444e-07,9.3152551e-08,8.5588468e-08,7.7191764e-08,6.3881643e-08,4.8797485e-08,3.7298612e-08,2.8723687e-08,2.2545748e-08,1.7379815e-08,1.4111547e-08,1.2622904e-08,1.2397807e-08,1.3167179e-08,1.4350868e-08,1.5625453e-08,1.6708778e-08,1.8091109e-08,1.9843396e-08,2.1874927e-08,2.384691e-08,2.5646894e-08,2.7513584e-08,2.9431952e-08,3.0938047e-08,3.230932e-08,3.3800561e-08,3.6464382e-08,3.9601694e-08,4.2654523e-08,4.5695458e-08,4.9774858e-08,5.4377978e-08,5.9385144e-08,6.5223382e-08,7.4618846e-08,8.5339593e-08,9.7556516e-08,1.1081534e-07],"ch4":[1.7007853e-06,1.7007861e-06,1.7006882e-06,1.7000174e-06,1.6967191e-06,1.6890905e-06,1.6774702e-06,1.6625032e-06,1.6469684e-06,1.6329801e-06,1.6223285e-06,1.6071415e-06,1.5820669e-06,1.5562247e-06,1.5313253e-06,1.5080506e-06,1.4806419e-06,1.4479623e-06,1.4152675e-06,1.379503e-06,1.342601e-06,1.3014652e-06,1.2451943e-06,1.1722138e-06,1.0758683e-06,9.651576e-07,8.5401462e-07,7.7107171e-07,7.2538978e-07,6.8032085e-07,6.3401592e-07,5.7941355e-07,5.2736578e-07,4.8160666e-07,4.3754815e-07,3.9457359e-07,3.5215132e-07,3.1031249e-07,2.6731394e-07,2.008872e-07,1.5878383e-07,1.540019e-07,1.5114806e-07,1.5015239e-07,1.5018485e-07,1.5016241e-07,1.5013467e-07,1.5023033e-07,1.5028188e-07,1.5026681e-07,1.5018884e-07],"o2":[0.20897518,0.20897572,0.2089678,0.2089866,0.20899189,0.20899543,0.20899996,0.20900373,0.20900458,0.20900519,0.20900649,0.20900634,0.20900698,0.20900562,0.20900711,0.20900925,0.20900522,0.20899965,0.20899954,0.20899963,0.20899959,0.20899966,0.20899986,0.20899987,0.20900002,0.20899989,0.20899986,0.2090022,0.20900251,0.2090067,0.2090057,0.20900536,0.20900574,0.20900482,0.20900646,0.20900702,0.20900613,0.20900463,0.2090015,0.20900197,0.20901358,0.2090466,0.20902328,0.20906644,0.20911193,0.20908101,0.20904104,0.20916539,0.20922786,0.20919746,0.20908001]}