{"surface pressure":1013.0,"top pressures":[989.23,965.45,941.675,917.9,894.125,870.35,846.575,822.8,799.025,775.25,751.475,727.7,703.925,680.15,656.375,632.6,608.825,585.05,561.275,537.5,513.725,489.95,466.175,442.4,418.625,394.85,371.075,347.3,323.525,299.75,275.975,252.2,228.425,202.847,180.62,156.849,133.05,109.55,85.775,62.0,44.2002,31.5105,22.464,16.0147,11.417,8.1392,5.8025,4.1366,2.949,2.1024,1.4988,1.0685,0.7617,0.543,0.3871,0.276,0.1968,0.1403,0.1,0.0003],"average pressures":[1001.1,977.33,953.55,929.78,906.06,882.23,858.45,834.68,810.95,787.13,763.36,739.58,715.88,692.02,668.25,644.48,620.7,596.92,573.15,549.4,525.59,501.84,478.04,454.27,430.57,406.71,383.03,359.16,335.4,311.61,287.96,264.05,240.3,216.36,190.79,167.34,144.01,121.36,97.694,73.871,53.115,37.836,26.979,19.237,13.716,9.78,6.9729,4.9712,3.544,2.527,1.8005,1.2832,0.91586,0.65215,0.46544,0.33138,0.23671,0.16835,0.12041,0.050064001],"average temperatures":[299.38,298.11,296.82,295.51,294.17,292.8,291.43,290.06,288.74,287.48,286.28,285.05,283.68,282.09,280.3,278.36,276.32,274.21,272.02,269.76,267.42,264.99,262.47,259.84,257.11,254.24,251.24,248.08,244.76,241.23,237.48,233.48,229.17,224.5,219.4,213.76,207.44,200.24,195.75,201.24,209.2,215.82,220.67,225.59,230.62,235.76,241.02,246.4,251.91,257.54,263.1,266.99,269.48,267.46,260.39,253.13,246.06,239.18,232.49,221.65],"surface temperature":300.0,"top temperatures":[298.75,297.47,296.17,294.84,293.49,292.12,290.74,289.39,288.1,286.88,285.68,284.4,282.93,281.23,279.35,277.35,275.28,273.13,270.91,268.61,266.22,263.75,261.18,258.5,255.7,252.77,249.69,246.45,243.03,239.4,235.53,231.38,226.9,222.03,216.68,210.74,204.01,196.35,197.59,205.31,213.34,218.37,223.23,228.21,233.29,238.5,243.82,249.27,254.85,260.54,265.58,268.45,270.0,263.9,256.54,249.38,242.42,235.64,229.05,229.05],"concentrations":{"broadening gases":[3.8689999e+23,3.8939999e+23,3.919e+23,3.944e+23,3.9389999e+23,3.9209999e+23,3.9450002e+23,3.969e+23,3.9729999e+23,3.933e+23,3.9569999e+23,3.98e+23,3.9540001e+23,3.9270002e+23,3.9589999e+23,3.9909999e+23,3.944e+23,3.978e+23,4.012e+23,3.953e+23,3.9790002e+23,4.012e+23,3.9839999e+23,4.0249999e+23,4.0100001e+23,4.0089999e+23,4.014e+23,3.9540001e+23,3.9999999e+23,4.0310002e+23,4.0179999e+23,3.9819999e+23,4.0249999e+23,4.0100001e+23,3.928e+23,4.0760001e+23,3.831e+23,3.9339998e+23,4.084e+23,4.0159999e+23,3.005e+23,2.153e+23,1.5319999e+23,1.092e+23,7.784e+22,5.5609998e+22,3.9689998e+22,2.834e+22,2.0259999e+22,1.444e+22,1.0170001e+22,7.3360001e+21,5.2760002e+21,3.7350001e+21,2.6669999e+21,1.9079999e+21,1.3540001e+21,9.7320001e+20,6.9039999e+20,1.709e+21],"CO":[1.4947683e-07,1.4841285e-07,1.4734151e-07,1.4623787e-07,1.451442e-07,1.4396556e-07,1.4273397e-07,1.4151753e-07,1.4028777e-07,1.3897261e-07,1.376545e-07,1.363593e-07,1.3508038e-07,1.3396095e-07,1.328868e-07,1.3178993e-07,1.3112822e-07,1.3086064e-07,1.3057252e-07,1.3018688e-07,1.2967384e-07,1.2913617e-07,1.2798955e-07,1.2634587e-07,1.2449169e-07,1.2194513e-07,1.1918035e-07,1.1518821e-07,1.1068219e-07,1.0559612e-07,1.001503e-07,9.4126229e-08,8.7374573e-08,7.9262733e-08,6.8733591e-08,5.6930414e-08,4.5363993e-08,3.4968934e-08,2.6202688e-08,1.8021105e-08,1.3054352e-08,1.2788414e-08,1.4813613e-08,1.6791542e-08,1.9096062e-08,2.1639439e-08,2.3954939e-08,2.6289054e-08,2.9405454e-08,3.3399377e-08,3.8095209e-08,4.3330637e-08,4.9495455e-08,5.4714608e-08,5.9634068e-08,6.4638272e-08,7.0545234e-08,8.0601083e-08,9.5264816e-08,7.3221094e-07],"H2O":[0.025574444,0.024047768,0.022599619,0.021188729,0.019868979,0.018766796,0.017742543,0.016748564,0.015745709,0.013926064,0.011972188,0.010248008,0.0087575903,0.007581207,0.006557289,0.005643019,0.0049111261,0.0043202075,0.0037816372,0.0032615326,0.0027517511,0.002306114,0.0019270921,0.001604026,0.0013165665,0.0010438104,0.00081393466,0.000616381,0.00045555193,0.00030987617,0.00019815797,0.00011707857,6.5176297e-05,3.3735549e-05,1.5093309e-05,7.4978211e-06,5.5368423e-06,5.2253235e-06,5.2257224e-06,5.225636e-06,5.2254122e-06,5.2255182e-06,5.2229661e-06,5.2233804e-06,5.2246901e-06,5.2249579e-06,5.2252826e-06,5.2251248e-06,5.2251012e-06,5.2243386e-06,5.2255859e-06,5.2250793e-06,5.2252321e-06,5.2244004e-06,5.2235218e-06,5.2252967e-06,5.224495e-06,5.2272958e-06,5.2260898e-06,5.2249634e-06],"CH4":[1.7000903e-06,1.7000505e-06,1.7001209e-06,1.7003082e-06,1.70057e-06,1.700583e-06,1.7005837e-06,1.7006412e-06,1.7007235e-06,1.7004111e-06,1.7002943e-06,1.7006147e-06,1.7011686e-06,1.7008546e-06,1.7006437e-06,1.7007202e-06,1.7009312e-06,1.7010881e-06,1.7011988e-06,1.7012699e-06,1.7013375e-06,1.7013938e-06,1.7010692e-06,1.7004116e-06,1.6997454e-06,1.6993869e-06,1.6988964e-06,1.6971991e-06,1.6948344e-06,1.6912005e-06,1.6866396e-06,1.6808054e-06,1.6736436e-06,1.6644808e-06,1.652327e-06,1.6369938e-06,1.6181289e-06,1.5947538e-06,1.5605308e-06,1.5035945e-06,1.3940281e-06,1.2298037e-06,1.0790392e-06,1.0020434e-06,9.3612545e-07,8.6094576e-07,7.8065574e-07,6.9840922e-07,6.0555612e-07,5.0191636e-07,3.9767212e-07,3.0221204e-07,2.2561743e-07,1.8932552e-07,1.6766728e-07,1.5749779e-07,1.5090848e-07,1.5016953e-07,1.5013414e-07,1.4974047e-07],"O2":[0.2143382,0.2140493,0.2137639,0.2134819,0.2132242,0.2128897,0.2126552,0.2125795,0.2122549,0.2119053,0.21152,0.2111807,0.2108604,0.2105779,0.2103357,0.2102534,0.2100192,0.2098557,0.2098503,0.2096414,0.2096572,0.2095393,0.2094493,0.2093147,0.2093104,0.2091959,0.2091456,0.2091257,0.2090993,0.2090683,0.2089809,0.2090618,0.2090042,0.2089987,0.2089471,0.2089302,0.2090504,0.2090129,0.2089127,0.2089073,0.2089902,0.2090207,0.2089703,0.2089642,0.2090282,0.2089983,0.2089715,0.2090329,0.2090431,0.2089516,0.209039,0.2089816,0.2090393,0.2089972,0.2090002,0.2090119,0.2089915,0.2090918,0.2090894,0.2080258],"N2O":[3.2001682e-07,3.2000938e-07,3.2002228e-07,3.2005738e-07,3.2010632e-07,3.2010948e-07,3.2010968e-07,3.2012048e-07,3.2013557e-07,3.2007662e-07,3.2005468e-07,3.2011584e-07,3.2022038e-07,3.2016118e-07,3.2012059e-07,3.2013537e-07,3.2017559e-07,3.2020478e-07,3.2022589e-07,3.20239e-07,3.2025147e-07,3.2026296e-07,3.2024241e-07,3.2019307e-07,3.2015899e-07,3.202436e-07,3.203167e-07,3.2013133e-07,3.1980628e-07,3.1912538e-07,3.1812024e-07,3.1600402e-07,3.1334858e-07,3.1022168e-07,3.0671509e-07,3.026413e-07,2.9773685e-07,2.9127901e-07,2.805055e-07,2.6091806e-07,2.2952689e-07,2.0096896e-07,1.7973285e-07,1.624387e-07,1.4666196e-07,1.2548047e-07,1.0219419e-07,7.7598834e-08,5.3942685e-08,3.4061728e-08,1.9738295e-08,1.1133366e-08,5.7308074e-09,3.8993582e-09,3.0598148e-09,2.4932132e-09,2.0634852e-09,1.7559211e-09,1.5095625e-09,1.0557022e-09],"O3":[3.1277953e-08,3.1895571e-08,3.2545856e-08,3.3248167e-08,3.3960141e-08,3.4732519e-08,3.552897e-08,3.6388368e-08,3.7298204e-08,3.8415344e-08,3.9694843e-08,4.106731e-08,4.253117e-08,4.4084729e-08,4.5755485e-08,4.7549307e-08,4.9491657e-08,5.1580418e-08,5.386028e-08,5.6457289e-08,5.9462444e-08,6.276332e-08,6.7019805e-08,7.2239089e-08,7.7969119e-08,8.3658627e-08,8.996016e-08,9.8245089e-08,1.0818617e-07,1.1834132e-07,1.3054418e-07,1.5545619e-07,1.8674837e-07,2.1826565e-07,2.6853127e-07,3.6781034e-07,4.6700987e-07,5.4805605e-07,6.8966364e-07,1.2091419e-06,2.151733e-06,3.1683603e-06,4.517969e-06,5.7085017e-06,6.6832158e-06,7.6760671e-06,8.5580696e-06,8.784793e-06,8.0347145e-06,6.5434278e-06,4.9900382e-06,3.7916313e-06,2.9445314e-06,2.3137236e-06,1.8362368e-06,1.5307094e-06,1.2794086e-06,1.0121538e-06,7.8883733e-07,3.9831082e-07],